age,job,marital,education,default,balance,housing,loan,contact,day,month,duration,campaign,pdays,previous,poutcome,y
30,services,divorced,secondary,no,1016,yes,no,unknown,29,may,14,1,-1,0,unknown,no
36,services,married,tertiary,no,562,no,no,cellular,25,may,90,1,-1,0,unknown,no
59,retired,married,secondary,no,3414,no,no,telephone,30,jul,117,6,-1,0,unknown,no
45,unknown,married,unknown,no,360,no,no,unknown,11,jun,157,9,-1,0,unknown,no
65,retired,married,unknown,no,679,no,no,cellular,13,may,593,2,178,1,success,no
40,blue-collar,divorced,primary,no,737,yes,yes,unknown,12,may,102,1,-1,0,unknown,no
51,technician,married,secondary,no,19,no,yes,cellular,8,aug,160,4,-1,0,unknown,no
35,management,married,tertiary,no,2957,yes,yes,cellular,8,aug,733,3,-1,0,unknown,yes
33,services,married,secondary,yes,-319,yes,no,cellular,25,jul,142,1,-1,0,unknown,no
51,blue-collar,married,secondary,no,2007,yes,no,cellular,12,aug,1226,3,-1,0,unknown,yes
32,technician,single,secondary,no,0,yes,yes,unknown,26,may,916,2,-1,0,unknown,no
59,admin.,single,secondary,no,848,no,no,unknown,5,jun,63,1,-1,0,unknown,no
31,technician,married,tertiary,no,6562,yes,no,cellular,19,aug,118,2,-1,0,unknown,no
49,management,married,tertiary,no,1304,yes,no,unknown,27,may,144,1,-1,0,unknown,no
48,blue-collar,single,primary,no,623,yes,no,cellular,2,feb,1425,2,-1,0,unknown,yes
26,management,single,tertiary,no,205,no,no,unknown,26,may,111,1,-1,0,unknown,no
29,blue-collar,single,secondary,no,-15,yes,no,unknown,28,may,140,1,-1,0,unknown,no
35,blue-collar,married,primary,no,442,yes,no,unknown,26,may,129,3,-1,0,unknown,no
35,blue-collar,single,primary,no,3339,yes,no,unknown,6,jun,304,2,-1,0,unknown,no
34,management,single,tertiary,no,681,no,no,cellular,6,aug,637,2,-1,0,unknown,yes
32,management,single,tertiary,no,4262,yes,no,cellular,19,nov,361,1,-1,0,unknown,no
27,blue-collar,single,primary,no,3342,yes,no,cellular,30,apr,761,2,330,4,failure,no
30,services,single,secondary,no,190,no,no,cellular,21,nov,312,1,-1,0,unknown,no
40,blue-collar,married,primary,no,2129,yes,no,cellular,20,apr,1156,3,-1,0,unknown,no
44,housemaid,married,primary,no,41,no,no,cellular,22,aug,299,1,-1,0,unknown,no
30,technician,single,secondary,no,516,yes,no,cellular,6,may,66,2,-1,0,unknown,no
18,student,single,unknown,no,108,no,no,cellular,10,aug,167,1,-1,0,unknown,yes
46,management,married,tertiary,no,212,yes,no,cellular,29,aug,515,3,-1,0,unknown,no
40,entrepreneur,married,tertiary,no,1089,yes,yes,unknown,13,may,195,5,-1,0,unknown,no
56,blue-collar,married,secondary,no,659,yes,no,cellular,2,feb,148,1,188,3,failure,no
39,management,married,tertiary,yes,-1586,yes,yes,cellular,16,jul,89,2,-1,0,unknown,no
30,technician,single,secondary,no,458,no,no,cellular,20,nov,51,7,-1,0,unknown,no
35,student,single,secondary,no,2960,yes,no,unknown,30,may,123,2,-1,0,unknown,no
39,technician,married,secondary,no,-735,yes,no,cellular,30,jan,144,5,248,2,failure,no
32,student,married,secondary,no,0,no,no,cellular,28,jan,558,1,-1,0,unknown,no
59,retired,divorced,primary,no,47,yes,no,telephone,18,may,110,3,374,1,failure,no
42,blue-collar,married,secondary,no,671,yes,no,unknown,20,jun,10,29,-1,0,unknown,no
53,admin.,divorced,secondary,no,-372,yes,no,unknown,26,may,104,1,-1,0,unknown,no
29,student,single,secondary,no,1779,no,no,cellular,4,jun,400,1,-1,0,unknown,yes
34,management,single,tertiary,no,90,yes,no,cellular,8,may,67,3,-1,0,unknown,no
31,technician,divorced,tertiary,no,75,no,no,cellular,22,aug,34,9,-1,0,unknown,no
59,retired,married,secondary,no,0,no,no,cellular,6,aug,142,2,-1,0,unknown,no
57,management,divorced,tertiary,no,236,no,no,cellular,18,nov,120,2,-1,0,unknown,no
56,management,married,tertiary,no,616,no,no,cellular,6,feb,156,1,-1,0,unknown,yes
56,entrepreneur,married,secondary,no,938,no,yes,unknown,3,jul,202,2,-1,0,unknown,no
39,unemployed,married,primary,no,7372,no,no,unknown,9,jun,76,1,-1,0,unknown,no
34,blue-collar,married,primary,no,1451,yes,no,cellular,9,apr,765,3,-1,0,unknown,no
29,services,single,secondary,no,197,yes,no,cellular,5,may,19,2,-1,0,unknown,no
42,admin.,married,secondary,no,105,no,no,unknown,11,jun,1159,4,-1,0,unknown,yes
60,blue-collar,married,primary,no,1670,no,no,cellular,4,aug,115,1,-1,0,unknown,no
34,technician,married,tertiary,no,7050,no,no,cellular,7,aug,130,1,-1,0,unknown,yes
48,admin.,divorced,secondary,no,1180,no,no,cellular,27,jan,142,1,238,3,other,yes
48,blue-collar,married,secondary,no,387,yes,no,telephone,28,jul,76,18,-1,0,unknown,no
37,management,single,tertiary,no,4543,yes,no,cellular,8,may,137,1,340,5,failure,no
26,management,single,tertiary,no,33,no,no,cellular,23,jul,297,1,-1,0,unknown,no
37,services,married,secondary,no,-349,yes,no,unknown,27,may,319,5,-1,0,unknown,no
31,technician,married,secondary,no,477,no,no,cellular,30,apr,146,1,-1,0,unknown,no
39,technician,single,tertiary,no,0,no,no,cellular,27,aug,147,4,-1,0,unknown,no
41,management,divorced,secondary,no,276,yes,no,unknown,7,may,60,1,-1,0,unknown,no
60,retired,married,secondary,no,819,yes,no,unknown,19,may,110,2,-1,0,unknown,no
28,services,married,secondary,no,-112,yes,yes,cellular,17,apr,73,2,-1,0,unknown,no
28,admin.,married,secondary,no,6429,yes,yes,unknown,27,may,345,2,-1,0,unknown,no
36,technician,single,secondary,no,0,no,no,cellular,8,jul,121,1,-1,0,unknown,no
60,blue-collar,married,secondary,no,272,no,no,cellular,2,feb,421,1,-1,0,unknown,no
38,management,married,secondary,no,517,yes,no,unknown,6,may,288,2,-1,0,unknown,no
51,blue-collar,married,primary,no,63,yes,yes,cellular,31,jul,87,4,-1,0,unknown,no
44,services,married,secondary,no,972,yes,no,cellular,30,jul,294,3,-1,0,unknown,no
67,retired,divorced,secondary,no,704,no,no,cellular,8,feb,186,2,97,1,success,yes
26,student,single,tertiary,no,0,no,no,cellular,15,jun,41,2,-1,0,unknown,no
30,management,single,tertiary,no,5359,no,no,cellular,19,aug,145,1,84,2,success,yes
34,self-employed,single,tertiary,no,462,no,no,cellular,21,aug,1877,3,-1,0,unknown,yes
36,blue-collar,married,secondary,no,1772,no,no,unknown,5,jun,208,1,-1,0,unknown,yes
31,technician,single,secondary,no,4105,no,no,cellular,30,apr,264,1,-1,0,unknown,no
56,blue-collar,divorced,secondary,no,1346,no,yes,cellular,28,jul,240,3,-1,0,unknown,no
57,entrepreneur,married,unknown,no,975,yes,yes,cellular,22,jul,236,4,-1,0,unknown,no
24,admin.,married,secondary,no,262,yes,no,unknown,4,jun,69,3,-1,0,unknown,no
45,unemployed,divorced,secondary,no,3354,yes,no,unknown,29,may,746,1,-1,0,unknown,yes
35,blue-collar,married,primary,no,4319,no,no,cellular,16,apr,266,1,-1,0,unknown,no
39,technician,married,primary,no,644,yes,no,unknown,15,may,110,1,-1,0,unknown,no
51,blue-collar,married,primary,no,3844,no,no,cellular,15,mar,195,2,215,1,other,no
30,management,married,unknown,no,385,no,no,cellular,26,may,56,2,97,2,other,no
34,management,single,tertiary,no,612,no,no,cellular,30,apr,192,1,-1,0,unknown,no
30,blue-collar,married,unknown,no,198,yes,no,unknown,21,may,149,3,-1,0,unknown,no
30,student,single,tertiary,no,34,yes,no,unknown,6,may,289,1,-1,0,unknown,no
29,technician,married,tertiary,no,4557,no,no,cellular,28,jan,103,2,-1,0,unknown,no
31,technician,married,secondary,no,4941,yes,no,unknown,23,may,504,1,-1,0,unknown,no
49,services,married,primary,no,1830,yes,no,cellular,15,feb,136,1,-1,0,unknown,yes
48,housemaid,single,primary,no,46,no,no,cellular,3,aug,113,2,180,1,failure,yes
28,services,single,secondary,no,168,no,no,cellular,1,jun,347,3,140,2,success,yes
35,blue-collar,single,secondary,no,3623,no,no,telephone,30,oct,160,1,-1,0,unknown,yes
46,management,married,tertiary,no,385,yes,no,unknown,29,may,52,4,-1,0,unknown,no
26,self-employed,single,tertiary,no,82,yes,no,cellular,17,jul,200,1,-1,0,unknown,no
53,blue-collar,married,secondary,no,1103,yes,yes,cellular,4,feb,101,2,250,4,failure,no
30,services,single,secondary,no,732,yes,no,cellular,17,apr,358,2,-1,0,unknown,no
38,management,married,tertiary,no,216,yes,no,unknown,21,may,1307,1,-1,0,unknown,no
35,admin.,single,secondary,no,321,no,no,cellular,21,jul,143,1,412,3,other,yes
57,services,married,secondary,no,197,no,no,unknown,16,jun,116,1,-1,0,unknown,no
42,admin.,married,secondary,no,105,no,no,unknown,11,jun,1159,4,-1,0,unknown,yes
30,services,single,secondary,no,326,yes,no,cellular,14,may,197,4,-1,0,unknown,no
33,admin.,married,secondary,no,51,yes,yes,cellular,25,oct,253,1,284,3,success,yes
35,services,divorced,secondary,no,742,no,no,cellular,28,jul,83,7,-1,0,unknown,no
30,blue-collar,single,secondary,no,332,no,no,cellular,14,jul,465,3,-1,0,unknown,no
41,admin.,married,secondary,no,1672,yes,no,cellular,25,jul,148,1,-1,0,unknown,no
40,technician,divorced,secondary,no,-1,no,no,unknown,9,jun,24,1,-1,0,unknown,no
55,admin.,married,secondary,no,512,no,no,cellular,18,aug,115,4,-1,0,unknown,no
51,management,married,tertiary,no,941,yes,yes,cellular,18,jul,252,6,-1,0,unknown,no
70,retired,married,secondary,no,1164,no,no,telephone,14,may,338,3,185,2,failure,no
38,technician,single,secondary,no,1019,yes,no,cellular,6,may,249,1,-1,0,unknown,no
42,admin.,married,secondary,no,-465,no,yes,cellular,23,jul,102,1,-1,0,unknown,no
28,technician,married,secondary,no,1944,yes,no,telephone,18,may,21,7,-1,0,unknown,no
42,technician,married,secondary,no,-350,yes,yes,unknown,30,may,149,1,-1,0,unknown,no
33,services,single,secondary,no,170,no,no,cellular,7,jul,782,1,-1,0,unknown,yes
34,blue-collar,single,primary,no,0,yes,yes,cellular,21,jul,100,2,-1,0,unknown,no
28,services,single,tertiary,no,2938,yes,no,cellular,23,jul,184,2,-1,0,unknown,no
44,admin.,married,secondary,no,764,yes,no,cellular,3,sep,232,1,213,1,failure,no
45,management,married,tertiary,no,786,no,no,cellular,10,sep,84,3,-1,0,unknown,yes
49,blue-collar,married,tertiary,no,1784,no,no,unknown,12,jun,753,1,-1,0,unknown,no
25,technician,married,tertiary,no,2551,no,no,cellular,28,dec,400,3,-1,0,unknown,yes
35,technician,single,tertiary,no,632,no,no,cellular,7,aug,141,1,-1,0,unknown,no
55,services,divorced,secondary,no,0,no,no,cellular,27,sep,262,6,193,4,success,yes
46,management,married,tertiary,no,716,yes,yes,cellular,8,may,557,1,172,1,failure,no
30,admin.,divorced,secondary,no,891,no,no,cellular,15,may,340,2,368,1,failure,no
33,technician,single,secondary,no,121,no,no,cellular,26,aug,210,6,-1,0,unknown,no
32,technician,single,secondary,no,12,no,no,cellular,7,aug,173,2,-1,0,unknown,no
28,management,single,tertiary,no,231,yes,yes,cellular,25,jul,568,2,-1,0,unknown,no
35,services,single,secondary,no,5551,yes,no,cellular,20,nov,258,1,-1,0,unknown,no
57,management,married,secondary,no,2155,no,yes,cellular,10,nov,144,3,91,2,failure,yes
41,blue-collar,married,primary,no,143,yes,yes,unknown,2,jun,659,2,-1,0,unknown,yes
51,services,married,unknown,no,224,yes,no,unknown,29,may,52,3,-1,0,unknown,no
51,unemployed,divorced,primary,no,2244,no,no,telephone,28,jan,360,2,-1,0,unknown,no
32,management,married,tertiary,no,2853,yes,yes,cellular,4,feb,419,1,-1,0,unknown,no
37,management,married,tertiary,no,3723,no,no,cellular,22,may,354,1,-1,0,unknown,yes
30,admin.,single,tertiary,no,0,yes,no,cellular,11,may,56,3,-1,0,unknown,no
31,blue-collar,married,secondary,no,671,yes,no,unknown,18,jun,704,4,-1,0,unknown,yes
36,management,single,tertiary,no,335,no,no,unknown,10,oct,5,1,772,4,failure,no
46,management,married,tertiary,no,1808,no,no,cellular,8,aug,172,2,-1,0,unknown,no
62,retired,married,secondary,no,1495,no,no,cellular,2,feb,265,1,-1,0,unknown,yes
32,admin.,single,tertiary,no,298,no,no,cellular,8,aug,494,1,-1,0,unknown,no
37,blue-collar,single,secondary,no,197,yes,no,unknown,16,may,251,3,-1,0,unknown,no
38,management,married,tertiary,no,0,no,no,cellular,12,aug,119,2,-1,0,unknown,no
59,blue-collar,married,primary,no,3540,no,no,cellular,8,jul,165,1,-1,0,unknown,no
57,retired,married,primary,no,2927,no,yes,telephone,30,jul,78,5,-1,0,unknown,no
59,management,married,secondary,no,1321,no,no,unknown,9,jun,3881,3,-1,0,unknown,yes
37,management,married,tertiary,no,58,yes,no,unknown,5,may,98,2,-1,0,unknown,no
44,self-employed,single,tertiary,no,1367,yes,no,cellular,13,apr,1232,3,146,1,other,yes
32,admin.,married,secondary,no,1785,yes,no,cellular,18,nov,51,2,154,6,other,no
39,blue-collar,married,secondary,no,125,yes,no,unknown,8,may,142,1,-1,0,unknown,no
36,technician,single,secondary,no,651,no,no,cellular,7,aug,876,1,-1,0,unknown,yes
36,blue-collar,single,secondary,no,40,yes,no,cellular,27,aug,259,3,475,4,success,yes
57,retired,married,secondary,no,455,yes,no,cellular,7,may,361,1,-1,0,unknown,no
60,admin.,married,secondary,no,12210,yes,no,unknown,19,may,256,1,-1,0,unknown,no
41,blue-collar,married,primary,no,0,yes,no,cellular,8,may,171,1,368,1,failure,no
70,management,married,tertiary,no,5563,no,no,cellular,6,feb,146,1,-1,0,unknown,no
41,management,divorced,unknown,no,465,yes,no,cellular,22,jul,1508,1,-1,0,unknown,yes
35,management,single,tertiary,no,3137,yes,no,unknown,23,may,72,3,-1,0,unknown,no
32,blue-collar,married,secondary,no,0,yes,yes,unknown,28,may,219,3,-1,0,unknown,no
34,technician,single,secondary,no,105,yes,no,cellular,17,nov,303,1,196,2,failure,no
48,blue-collar,single,primary,no,623,yes,no,cellular,2,feb,1425,2,-1,0,unknown,yes
48,admin.,divorced,secondary,no,0,yes,yes,cellular,23,jun,248,1,89,1,failure,no
42,admin.,single,unknown,no,22,no,no,unknown,19,jun,246,3,-1,0,unknown,no
42,technician,married,secondary,no,4791,yes,no,unknown,30,may,88,2,-1,0,unknown,no
43,blue-collar,married,primary,no,3917,no,no,cellular,3,jun,725,2,93,1,success,yes
29,student,single,secondary,no,1779,no,no,cellular,4,jun,400,1,-1,0,unknown,yes
46,blue-collar,married,primary,no,1303,no,no,cellular,4,aug,174,1,-1,0,unknown,no
31,management,married,tertiary,no,156,no,no,cellular,20,aug,77,2,-1,0,unknown,no
29,blue-collar,married,secondary,no,313,yes,no,cellular,20,apr,172,2,343,3,other,no
54,management,married,tertiary,no,1168,no,no,telephone,4,may,150,5,-1,0,unknown,no
50,blue-collar,married,primary,no,82,no,no,telephone,5,apr,456,1,-1,0,unknown,yes
30,blue-collar,single,primary,no,253,yes,no,cellular,5,may,259,1,-1,0,unknown,yes
30,technician,single,secondary,no,276,no,yes,cellular,25,aug,159,5,-1,0,unknown,no
61,retired,married,primary,no,-156,yes,yes,unknown,2,jun,283,5,-1,0,unknown,no
42,management,married,tertiary,no,1162,yes,no,cellular,13,may,406,5,364,1,other,no
46,blue-collar,married,primary,no,-1,no,no,unknown,18,jun,35,3,-1,0,unknown,no
67,retired,married,primary,no,2391,no,no,cellular,28,jun,737,6,186,10,other,yes
42,technician,married,secondary,no,827,no,no,cellular,25,aug,153,3,-1,0,unknown,no
33,technician,married,secondary,no,3243,no,no,cellular,12,aug,439,4,-1,0,unknown,yes
32,technician,single,tertiary,no,388,no,no,cellular,2,aug,100,8,95,3,success,no
28,services,married,secondary,no,1214,no,no,unknown,28,may,582,1,-1,0,unknown,no
30,technician,married,tertiary,no,1103,yes,yes,cellular,29,jul,148,15,-1,0,unknown,no
36,management,divorced,tertiary,no,5195,yes,no,unknown,2,jun,55,25,-1,0,unknown,no
58,management,married,tertiary,no,246,yes,no,cellular,7,may,245,2,288,2,failure,no
48,admin.,married,secondary,no,13551,no,no,unknown,11,jun,89,3,-1,0,unknown,no
49,services,married,secondary,no,180,yes,yes,unknown,2,jun,392,3,-1,0,unknown,no
32,admin.,married,secondary,no,51,yes,yes,cellular,14,jan,203,1,87,2,other,yes
38,unemployed,married,tertiary,no,9881,no,no,cellular,29,jul,497,2,-1,0,unknown,no
28,services,single,secondary,no,298,no,no,cellular,29,jan,914,2,-1,0,unknown,no
51,admin.,married,secondary,no,113,yes,no,cellular,17,nov,84,1,-1,0,unknown,no
36,blue-collar,married,secondary,no,1772,no,no,unknown,5,jun,208,1,-1,0,unknown,yes
55,admin.,married,secondary,no,859,no,no,telephone,12,may,148,6,308,1,failure,no
27,self-employed,single,tertiary,no,-503,yes,no,unknown,9,may,98,3,-1,0,unknown,no
71,retired,married,tertiary,no,3561,no,no,telephone,15,mar,577,7,-1,0,unknown,yes
36,blue-collar,divorced,secondary,no,-158,yes,no,cellular,21,jul,42,6,-1,0,unknown,no
31,technician,single,secondary,no,846,no,no,cellular,26,may,405,3,205,2,failure,yes
33,management,single,tertiary,no,318,yes,no,cellular,8,apr,1190,1,141,3,other,yes
54,housemaid,married,primary,no,179,no,no,cellular,22,aug,132,2,-1,0,unknown,no
46,management,married,tertiary,no,3115,no,no,cellular,18,aug,134,2,-1,0,unknown,no
35,technician,single,secondary,no,399,yes,no,cellular,13,may,496,2,345,3,failure,yes
35,technician,divorced,secondary,no,-870,yes,no,cellular,14,jul,180,4,-1,0,unknown,no
48,admin.,single,secondary,no,3531,yes,no,cellular,20,apr,81,2,287,6,failure,no
27,technician,single,secondary,no,740,yes,no,cellular,5,may,294,1,-1,0,unknown,no
43,management,married,tertiary,no,354,no,no,cellular,14,aug,169,10,-1,0,unknown,no
42,management,divorced,tertiary,no,0,no,no,unknown,20,jun,85,2,-1,0,unknown,no
47,management,married,tertiary,no,761,yes,no,cellular,11,jul,80,2,-1,0,unknown,no
46,technician,married,tertiary,no,841,yes,no,unknown,6,may,158,1,-1,0,unknown,no
39,admin.,married,unknown,no,3252,no,no,cellular,21,aug,298,1,-1,0,unknown,no
31,admin.,single,secondary,no,626,yes,no,unknown,21,may,211,1,-1,0,unknown,no
55,services,divorced,secondary,no,0,no,no,cellular,27,sep,262,6,193,4,success,yes
38,blue-collar,married,primary,no,-522,yes,yes,unknown,20,jun,18,22,-1,0,unknown,no
39,blue-collar,single,primary,no,1522,no,no,unknown,17,jun,164,4,-1,0,unknown,no
51,blue-collar,married,primary,no,296,yes,no,cellular,4,may,211,5,-1,0,unknown,no
32,services,divorced,secondary,no,454,yes,no,cellular,18,jul,978,1,-1,0,unknown,yes
32,blue-collar,married,primary,no,-283,yes,no,cellular,18,may,24,2,349,2,other,no
51,housemaid,divorced,secondary,no,9228,no,no,cellular,18,jul,655,4,-1,0,unknown,yes
42,management,married,secondary,no,1042,yes,no,cellular,11,may,465,1,364,3,other,no
34,management,single,tertiary,no,681,no,no,cellular,6,aug,637,2,-1,0,unknown,yes
47,services,married,unknown,no,11,no,no,cellular,8,aug,455,4,-1,0,unknown,no
40,technician,divorced,secondary,no,841,no,yes,telephone,29,aug,36,2,-1,0,unknown,no
36,technician,married,secondary,no,186,yes,no,cellular,12,may,187,3,-1,0,unknown,no
70,retired,divorced,primary,no,482,no,no,telephone,14,jul,413,1,181,3,success,yes
27,admin.,married,secondary,no,1595,no,no,cellular,29,dec,196,2,197,2,success,yes
23,student,single,secondary,no,287,no,no,telephone,3,mar,700,3,180,1,other,no
49,blue-collar,married,secondary,no,59,yes,no,unknown,9,jun,154,10,-1,0,unknown,no
77,unknown,married,unknown,no,397,no,no,telephone,7,may,300,3,-1,0,unknown,yes
33,services,married,secondary,no,360,yes,no,cellular,29,jan,103,1,185,13,other,no
42,management,married,secondary,no,275,yes,no,cellular,6,may,139,6,-1,0,unknown,no
38,services,married,secondary,no,133,yes,no,unknown,27,may,267,1,-1,0,unknown,no
29,student,single,secondary,no,1779,no,no,cellular,4,jun,400,1,-1,0,unknown,yes
45,blue-collar,married,secondary,no,7895,yes,no,cellular,4,feb,872,1,-1,0,unknown,yes
45,management,married,tertiary,no,2022,no,no,unknown,30,may,340,1,-1,0,unknown,no
35,management,married,tertiary,no,43,yes,no,cellular,20,apr,860,1,-1,0,unknown,yes
38,services,divorced,secondary,no,61,no,no,unknown,5,jun,636,1,-1,0,unknown,yes
35,blue-collar,married,secondary,no,402,no,yes,unknown,17,jun,123,1,-1,0,unknown,no
53,technician,married,secondary,no,1776,no,no,unknown,18,jun,443,7,-1,0,unknown,no
49,services,single,secondary,no,459,yes,no,unknown,19,may,58,10,-1,0,unknown,no
71,retired,married,tertiary,no,3561,no,no,telephone,15,mar,577,7,-1,0,unknown,yes
40,services,single,secondary,no,-61,yes,yes,unknown,16,may,698,9,-1,0,unknown,no
31,technician,divorced,secondary,no,646,yes,no,unknown,30,may,294,3,-1,0,unknown,no
34,management,single,tertiary,no,966,yes,no,cellular,21,nov,393,1,101,3,failure,no
33,management,single,tertiary,no,1308,no,no,cellular,7,aug,194,6,-1,0,unknown,no
33,management,single,tertiary,no,318,yes,no,cellular,8,apr,1190,1,141,3,other,yes
33,blue-collar,single,secondary,no,17,yes,no,unknown,21,may,288,1,-1,0,unknown,no
50,management,divorced,tertiary,no,1349,yes,yes,cellular,28,jan,326,1,-1,0,unknown,no
43,entrepreneur,single,tertiary,no,0,yes,no,unknown,26,may,142,3,-1,0,unknown,no
43,blue-collar,single,primary,no,0,no,no,unknown,9,may,71,3,-1,0,unknown,no
34,blue-collar,married,secondary,no,504,yes,no,unknown,28,may,260,2,-1,0,unknown,no
28,student,single,secondary,no,0,yes,no,unknown,15,may,133,3,-1,0,unknown,no
32,housemaid,married,primary,no,67,yes,no,cellular,16,jul,95,4,-1,0,unknown,no
29,student,single,secondary,no,1779,no,no,cellular,4,jun,400,1,-1,0,unknown,yes
52,management,married,tertiary,no,2428,yes,no,cellular,28,jul,61,3,-1,0,unknown,no
36,management,married,tertiary,no,51,yes,no,cellular,18,nov,464,1,-1,0,unknown,no
44,blue-collar,married,primary,no,711,no,no,unknown,17,jun,291,1,-1,0,unknown,no
51,services,married,primary,no,56,no,yes,cellular,24,jul,149,2,-1,0,unknown,no
41,management,divorced,tertiary,no,3355,no,no,cellular,14,oct,181,2,500,1,failure,no
47,services,married,secondary,no,759,yes,no,telephone,8,may,75,1,323,2,failure,no
25,technician,single,secondary,no,50,yes,no,cellular,8,may,191,1,-1,0,unknown,no
39,services,single,secondary,no,600,no,no,cellular,7,apr,277,1,-1,0,unknown,no
25,admin.,single,tertiary,no,760,yes,no,cellular,27,may,223,3,89,2,failure,yes
51,management,married,tertiary,no,176,yes,yes,unknown,1,jun,8,1,687,2,failure,no
33,management,married,tertiary,no,349,yes,yes,cellular,28,jul,62,3,-1,0,unknown,no
59,retired,married,unknown,no,1116,no,no,cellular,7,aug,149,2,99,1,failure,no
72,retired,married,secondary,no,0,no,no,cellular,29,oct,189,3,-1,0,unknown,yes
57,retired,divorced,tertiary,no,241,no,yes,cellular,5,aug,146,1,-1,0,unknown,no
35,technician,married,secondary,no,-360,yes,no,cellular,21,jul,169,1,-1,0,unknown,no
37,management,single,tertiary,no,600,yes,no,cellular,17,nov,116,2,196,1,failure,no
43,blue-collar,divorced,secondary,no,110,yes,yes,unknown,6,may,448,1,-1,0,unknown,no
34,blue-collar,single,secondary,no,381,yes,no,unknown,12,may,102,1,-1,0,unknown,no
35,blue-collar,married,secondary,no,274,yes,yes,unknown,20,may,205,1,-1,0,unknown,no
39,unemployed,married,secondary,no,2245,no,no,cellular,21,nov,749,2,-1,0,unknown,yes
50,services,married,secondary,no,77,no,no,cellular,27,may,138,2,-1,0,unknown,no
44,unemployed,married,secondary,yes,-505,yes,no,unknown,3,jun,113,11,-1,0,unknown,no
36,services,single,secondary,no,528,no,no,cellular,3,feb,225,2,-1,0,unknown,no
45,technician,married,secondary,no,3395,yes,no,unknown,14,may,215,1,-1,0,unknown,no
43,blue-collar,married,unknown,no,1123,yes,no,cellular,16,apr,191,2,322,3,failure,no
33,services,single,secondary,no,170,no,no,cellular,7,jul,782,1,-1,0,unknown,yes
48,management,married,tertiary,no,3842,no,no,cellular,1,jun,215,2,-1,0,unknown,yes
24,student,single,secondary,no,1234,no,no,telephone,26,oct,280,2,97,3,success,no
45,management,divorced,tertiary,no,220,yes,no,unknown,18,jun,89,4,-1,0,unknown,no
35,technician,single,secondary,no,399,yes,no,cellular,13,may,496,2,345,3,failure,yes
57,housemaid,married,primary,no,0,no,no,unknown,17,jun,187,2,-1,0,unknown,no
45,management,divorced,tertiary,no,-255,yes,yes,unknown,28,may,128,2,-1,0,unknown,no
21,student,single,secondary,no,357,no,no,cellular,2,sep,115,3,-1,0,unknown,no
33,blue-collar,divorced,unknown,yes,-274,yes,yes,cellular,17,apr,715,2,329,2,failure,yes
32,blue-collar,single,secondary,no,551,yes,no,cellular,14,aug,99,3,-1,0,unknown,no
57,technician,divorced,tertiary,no,0,yes,no,cellular,31,jul,24,16,-1,0,unknown,no
30,services,single,secondary,no,0,yes,no,cellular,18,may,131,6,363,9,failure,no
31,services,married,secondary,yes,-455,no,yes,cellular,16,jul,168,2,-1,0,unknown,no
31,student,single,tertiary,no,64,no,no,cellular,15,sep,208,1,105,2,success,no
61,retired,divorced,secondary,no,291,no,no,cellular,24,jul,286,5,-1,0,unknown,no
45,technician,divorced,tertiary,no,10768,yes,no,cellular,2,jun,147,3,78,2,failure,no
56,self-employed,married,secondary,no,14,no,no,cellular,16,jul,239,1,-1,0,unknown,no
37,admin.,married,secondary,no,0,yes,no,cellular,9,dec,179,1,190,1,success,yes
31,self-employed,married,tertiary,no,2666,no,no,telephone,8,jul,411,2,148,9,other,yes
38,management,married,tertiary,no,881,no,yes,unknown,6,jun,79,2,-1,0,unknown,no
44,management,divorced,tertiary,no,935,no,no,cellular,11,aug,70,5,-1,0,unknown,no
49,blue-collar,divorced,secondary,no,-464,yes,no,cellular,16,apr,82,1,-1,0,unknown,no
54,entrepreneur,married,unknown,no,1956,no,no,cellular,19,nov,221,5,-1,0,unknown,no
32,blue-collar,married,primary,no,233,yes,no,cellular,15,may,391,2,-1,0,unknown,no
29,technician,single,secondary,no,323,no,no,cellular,27,aug,148,2,94,1,other,no
54,blue-collar,married,secondary,no,2059,yes,no,cellular,25,aug,177,4,-1,0,unknown,no
33,management,married,tertiary,no,0,yes,no,cellular,17,apr,378,1,-1,0,unknown,yes
49,entrepreneur,married,secondary,no,2655,no,no,cellular,17,nov,63,1,-1,0,unknown,no
30,management,single,tertiary,no,73,no,no,cellular,25,aug,114,6,-1,0,unknown,no
40,services,married,secondary,no,405,no,no,unknown,20,jun,87,3,-1,0,unknown,no
33,admin.,single,secondary,no,375,yes,no,cellular,17,apr,151,1,-1,0,unknown,no
53,management,married,secondary,no,90,yes,no,telephone,20,apr,67,5,-1,0,unknown,no
31,admin.,single,secondary,no,-302,yes,yes,unknown,27,may,235,5,-1,0,unknown,no
62,housemaid,married,tertiary,no,1528,no,no,cellular,14,apr,496,1,-1,0,unknown,yes
32,management,single,tertiary,no,1131,yes,no,unknown,20,may,267,2,-1,0,unknown,no
47,management,divorced,tertiary,no,1149,no,yes,cellular,15,jul,82,2,-1,0,unknown,no
28,self-employed,single,tertiary,no,0,yes,no,unknown,26,may,1560,2,-1,0,unknown,yes
40,unemployed,single,tertiary,no,72,no,no,cellular,30,apr,463,1,-1,0,unknown,yes
34,management,single,tertiary,no,3035,no,no,cellular,20,nov,1166,1,-1,0,unknown,no
33,technician,married,secondary,no,14850,yes,no,cellular,5,feb,122,5,-1,0,unknown,no
32,admin.,divorced,secondary,no,1611,yes,yes,unknown,13,may,93,1,-1,0,unknown,no
55,admin.,married,secondary,no,0,no,no,cellular,28,aug,16,28,-1,0,unknown,no
60,retired,married,secondary,no,1145,no,no,cellular,6,aug,167,2,-1,0,unknown,no
59,blue-collar,married,primary,no,162,no,no,telephone,18,nov,140,1,-1,0,unknown,no
38,management,married,tertiary,no,546,no,no,cellular,22,aug,82,2,-1,0,unknown,no
53,services,married,secondary,no,-391,no,no,cellular,14,jul,122,3,-1,0,unknown,no
56,admin.,married,secondary,no,602,no,no,cellular,14,jun,458,1,130,8,success,yes
53,management,divorced,tertiary,no,5187,no,yes,cellular,17,nov,560,2,-1,0,unknown,no
36,admin.,married,secondary,no,403,no,no,cellular,24,jul,151,2,-1,0,unknown,no
40,technician,married,tertiary,no,0,no,no,cellular,19,aug,44,1,-1,0,unknown,no
45,admin.,divorced,secondary,no,1293,yes,yes,telephone,20,oct,164,1,-1,0,unknown,no
26,services,single,tertiary,no,12,no,no,cellular,15,dec,72,4,186,6,success,no
39,technician,married,unknown,no,880,yes,no,unknown,16,may,29,1,-1,0,unknown,no
50,blue-collar,divorced,primary,no,149,yes,no,unknown,7,may,74,1,-1,0,unknown,no
36,blue-collar,married,primary,no,0,yes,no,unknown,6,jun,246,4,-1,0,unknown,no
31,technician,single,secondary,no,279,no,no,cellular,12,aug,213,2,-1,0,unknown,no
56,services,married,unknown,no,616,no,no,unknown,18,jun,1812,1,-1,0,unknown,no
38,blue-collar,married,primary,no,0,yes,no,cellular,17,nov,78,2,193,2,failure,no
76,retired,married,secondary,no,820,no,no,telephone,23,apr,263,4,-1,0,unknown,yes
55,technician,divorced,secondary,no,929,no,yes,telephone,28,sep,80,3,-1,0,unknown,no
32,unemployed,single,tertiary,no,1611,yes,no,cellular,19,nov,175,1,180,2,failure,no
45,technician,married,secondary,no,1028,yes,no,cellular,9,jul,113,1,-1,0,unknown,no
49,management,single,tertiary,no,493,no,no,cellular,1,jun,161,1,39,1,failure,no
40,blue-collar,married,primary,no,1389,yes,no,cellular,9,feb,161,5,-1,0,unknown,no
60,retired,married,secondary,no,2086,yes,no,unknown,15,may,182,2,-1,0,unknown,no
29,technician,single,secondary,no,281,yes,no,cellular,7,may,340,1,-1,0,unknown,no
37,services,single,secondary,no,934,yes,no,unknown,16,may,242,3,-1,0,unknown,no
44,management,single,tertiary,no,1090,no,no,cellular,19,jul,204,4,532,2,other,yes
28,technician,single,secondary,no,3,no,no,telephone,18,may,40,8,349,6,failure,no
28,services,single,secondary,no,168,no,no,cellular,1,jun,347,3,140,2,success,yes
49,entrepreneur,married,secondary,no,1147,yes,yes,cellular,25,jul,96,3,-1,0,unknown,no
53,blue-collar,divorced,primary,no,559,no,no,telephone,9,feb,16,5,-1,0,unknown,no
33,services,single,secondary,no,170,no,no,cellular,7,jul,782,1,-1,0,unknown,yes
49,blue-collar,married,secondary,no,1219,yes,no,cellular,26,aug,168,5,-1,0,unknown,no
60,admin.,married,secondary,no,4348,yes,no,cellular,1,oct,131,2,98,12,other,no
20,student,single,unknown,no,179,no,no,cellular,25,mar,196,3,182,3,failure,no
32,services,divorced,secondary,no,454,yes,no,cellular,18,jul,978,1,-1,0,unknown,yes
33,management,married,tertiary,no,273,yes,no,unknown,16,may,803,1,-1,0,unknown,yes
56,admin.,married,secondary,no,5310,no,no,unknown,19,jun,74,1,-1,0,unknown,no
40,services,married,secondary,no,56,yes,no,cellular,12,may,700,3,-1,0,unknown,no
48,management,married,tertiary,no,3842,no,no,cellular,1,jun,215,2,-1,0,unknown,yes
59,unemployed,married,secondary,no,4497,yes,no,cellular,4,feb,213,1,251,1,failure,no
58,technician,married,secondary,no,7495,yes,no,unknown,13,may,325,1,-1,0,unknown,no
32,technician,married,secondary,no,9608,no,no,cellular,8,aug,114,4,-1,0,unknown,no
41,technician,married,secondary,no,1297,no,no,unknown,6,jun,82,1,-1,0,unknown,no
50,blue-collar,married,primary,no,0,no,no,unknown,9,jun,199,4,-1,0,unknown,no
29,housemaid,married,secondary,no,823,yes,no,unknown,23,may,14,2,-1,0,unknown,no
55,admin.,married,secondary,no,865,yes,no,cellular,27,oct,96,1,111,3,failure,no
35,blue-collar,married,unknown,no,-205,yes,no,unknown,23,may,147,14,-1,0,unknown,no
54,blue-collar,married,primary,no,2102,yes,no,unknown,6,may,76,1,-1,0,unknown,no
31,blue-collar,single,primary,no,817,yes,no,cellular,17,apr,160,1,-1,0,unknown,no
47,services,married,secondary,no,367,yes,no,cellular,10,jul,476,4,-1,0,unknown,yes
48,technician,married,secondary,no,178,yes,no,unknown,17,jun,320,4,-1,0,unknown,no
41,blue-collar,divorced,primary,no,169,yes,no,cellular,5,may,71,1,-1,0,unknown,no
44,technician,married,secondary,no,2857,no,no,cellular,5,aug,318,2,-1,0,unknown,no
35,blue-collar,single,tertiary,no,1011,yes,no,cellular,20,apr,36,2,349,1,failure,no
39,technician,married,secondary,no,147,yes,no,cellular,6,may,151,2,-1,0,unknown,no
52,admin.,divorced,secondary,no,3029,yes,yes,cellular,12,may,65,2,285,2,failure,no
31,technician,single,secondary,no,1062,no,no,cellular,18,nov,835,1,-1,0,unknown,no
46,entrepreneur,single,tertiary,no,1410,yes,no,cellular,19,nov,93,1,189,8,failure,no
44,management,single,secondary,no,3684,yes,no,cellular,15,may,31,5,179,3,failure,no
31,technician,single,tertiary,no,336,no,no,cellular,22,aug,661,1,-1,0,unknown,no
46,entrepreneur,married,primary,no,8873,yes,no,cellular,19,nov,172,1,118,2,failure,no
34,management,married,tertiary,no,123,no,no,cellular,3,feb,301,3,-1,0,unknown,yes
67,retired,divorced,secondary,no,704,no,no,cellular,8,feb,186,2,97,1,success,yes
42,entrepreneur,single,primary,no,103,yes,no,unknown,19,may,156,5,-1,0,unknown,no
48,services,married,secondary,no,651,no,yes,cellular,28,jan,228,1,196,2,failure,no
27,student,single,primary,yes,25,no,no,unknown,28,aug,8,1,-1,0,unknown,no
62,housemaid,married,tertiary,no,1528,no,no,cellular,14,apr,496,1,-1,0,unknown,yes
40,blue-collar,married,secondary,no,1708,yes,no,cellular,19,nov,382,2,174,1,other,no
37,management,divorced,tertiary,no,241,yes,no,unknown,30,may,126,1,-1,0,unknown,no
47,management,married,tertiary,no,1425,no,no,cellular,29,jan,113,1,-1,0,unknown,no
35,management,married,tertiary,no,-547,yes,no,cellular,14,aug,101,2,-1,0,unknown,no
48,blue-collar,married,secondary,no,-19,no,yes,unknown,4,jul,270,1,-1,0,unknown,no
33,student,single,secondary,no,706,yes,no,cellular,4,feb,291,2,-1,0,unknown,no
49,technician,married,tertiary,no,-129,yes,no,cellular,8,may,240,1,-1,0,unknown,no
29,blue-collar,married,secondary,no,1661,yes,no,unknown,23,jun,123,2,-1,0,unknown,no
37,admin.,married,secondary,no,0,yes,no,cellular,9,dec,179,1,190,1,success,yes
44,services,married,secondary,no,-18,no,yes,cellular,23,jul,510,2,-1,0,unknown,no
53,retired,married,secondary,no,665,yes,no,cellular,22,apr,371,2,-1,0,unknown,yes
39,blue-collar,married,primary,no,558,yes,no,unknown,22,jul,23,1,531,3,failure,no
29,student,single,secondary,no,1779,no,no,cellular,4,jun,400,1,-1,0,unknown,yes
37,technician,single,secondary,no,-59,yes,no,cellular,22,jul,70,1,-1,0,unknown,no
50,management,divorced,tertiary,no,813,yes,no,cellular,31,jul,7,2,-1,0,unknown,no
38,technician,married,tertiary,no,4383,no,no,cellular,4,feb,1381,4,-1,0,unknown,yes
42,blue-collar,married,unknown,no,1260,yes,no,unknown,14,may,79,3,-1,0,unknown,no
49,blue-collar,married,primary,no,937,yes,no,unknown,12,jun,66,1,-1,0,unknown,no
48,blue-collar,single,primary,no,623,yes,no,cellular,2,feb,1425,2,-1,0,unknown,yes
62,retired,married,secondary,no,1495,no,no,cellular,2,feb,265,1,-1,0,unknown,yes
57,technician,married,secondary,no,7766,yes,no,cellular,21,nov,220,1,-1,0,unknown,no
44,entrepreneur,married,secondary,no,887,yes,no,cellular,3,apr,93,2,-1,0,unknown,no
52,services,divorced,secondary,no,-57,no,no,cellular,5,feb,140,1,-1,0,unknown,no
82,retired,married,secondary,no,121,no,no,telephone,19,feb,330,1,-1,0,unknown,yes
47,services,married,secondary,no,1160,yes,no,cellular,3,feb,117,2,221,4,failure,no
34,admin.,single,tertiary,no,3092,no,no,cellular,19,nov,115,1,-1,0,unknown,no
39,management,married,secondary,no,1035,yes,no,cellular,20,apr,436,1,-1,0,unknown,no
31,entrepreneur,married,primary,no,-98,yes,no,cellular,18,may,9,3,362,7,failure,no
32,admin.,married,secondary,no,-1272,yes,no,unknown,6,jun,606,5,-1,0,unknown,no
33,management,single,tertiary,no,5437,no,no,cellular,4,may,267,1,91,1,failure,yes
48,admin.,divorced,secondary,no,1180,no,no,cellular,27,jan,142,1,238,3,other,yes
54,services,divorced,secondary,no,2398,yes,no,cellular,17,nov,73,1,-1,0,unknown,no
36,admin.,single,tertiary,no,994,no,no,cellular,13,aug,185,2,105,3,success,no
36,technician,married,secondary,no,318,no,no,cellular,30,jul,295,2,-1,0,unknown,no
36,blue-collar,married,primary,no,441,yes,no,cellular,7,may,100,4,358,1,failure,no
30,blue-collar,married,secondary,no,8,yes,no,cellular,19,nov,473,1,-1,0,unknown,no
38,services,married,secondary,no,1559,no,no,unknown,16,jun,162,1,-1,0,unknown,no
35,admin.,married,secondary,no,0,yes,no,telephone,17,nov,84,1,-1,0,unknown,no
33,admin.,married,secondary,no,680,yes,no,cellular,6,may,265,1,-1,0,unknown,no
56,blue-collar,married,primary,no,206,no,no,unknown,5,jun,315,1,-1,0,unknown,no
33,admin.,single,tertiary,no,193,no,no,unknown,5,may,132,2,-1,0,unknown,no
26,admin.,single,secondary,no,0,yes,no,cellular,8,may,339,1,66,3,other,no
60,housemaid,married,primary,no,211,no,no,cellular,26,feb,480,2,189,1,failure,no
33,blue-collar,married,primary,no,754,yes,no,unknown,21,may,811,2,-1,0,unknown,no
43,admin.,married,secondary,no,1113,no,no,unknown,19,jun,477,7,-1,0,unknown,no
33,unemployed,married,secondary,no,66,no,yes,cellular,30,jul,189,8,-1,0,unknown,no
30,blue-collar,married,primary,no,1480,yes,no,unknown,14,may,360,2,-1,0,unknown,no
32,technician,single,secondary,no,6471,yes,yes,unknown,26,may,349,4,-1,0,unknown,no
34,self-employed,single,tertiary,no,462,no,no,cellular,21,aug,1877,3,-1,0,unknown,yes
38,blue-collar,divorced,secondary,no,158,yes,no,cellular,11,may,242,1,-1,0,unknown,no
44,housemaid,single,secondary,no,299,no,no,cellular,20,nov,186,1,-1,0,unknown,no
48,management,married,tertiary,no,3842,no,no,cellular,1,jun,215,2,-1,0,unknown,yes
35,blue-collar,single,secondary,no,68,yes,no,cellular,12,may,334,1,347,6,failure,no
42,admin.,married,secondary,no,281,yes,no,unknown,15,may,118,1,-1,0,unknown,no
43,entrepreneur,married,tertiary,no,13342,yes,no,cellular,18,nov,465,1,-1,0,unknown,no
26,blue-collar,single,secondary,no,494,no,no,cellular,2,feb,237,1,-1,0,unknown,no
51,blue-collar,married,secondary,no,2007,yes,no,cellular,12,aug,1226,3,-1,0,unknown,yes
29,blue-collar,single,tertiary,no,1012,yes,no,unknown,19,may,496,3,-1,0,unknown,no
49,admin.,married,secondary,no,682,no,no,cellular,22,aug,86,4,-1,0,unknown,no
30,services,married,secondary,no,0,yes,yes,unknown,3,jun,185,1,-1,0,unknown,no
25,student,single,unknown,no,722,no,no,telephone,21,apr,623,2,-1,0,unknown,yes
51,management,married,tertiary,no,1069,no,no,unknown,20,jun,27,7,-1,0,unknown,no
48,technician,married,secondary,no,3142,no,no,unknown,23,may,563,1,-1,0,unknown,no
54,unknown,divorced,tertiary,no,2272,yes,no,telephone,19,nov,88,1,189,1,failure,no
55,management,married,tertiary,no,154,no,no,telephone,11,may,70,2,367,3,failure,no
39,services,married,secondary,no,-495,yes,yes,cellular,11,may,51,6,-1,0,unknown,no
34,technician,divorced,tertiary,no,501,yes,no,unknown,19,may,546,12,-1,0,unknown,no
30,technician,single,secondary,no,0,no,no,cellular,29,jan,624,2,-1,0,unknown,no
31,blue-collar,single,secondary,no,2194,no,no,cellular,13,may,275,2,357,1,other,no
43,management,married,tertiary,no,-127,no,no,cellular,6,aug,400,2,-1,0,unknown,no
35,blue-collar,married,primary,no,443,yes,no,cellular,17,apr,185,2,316,3,other,no
43,technician,married,secondary,no,90,yes,no,cellular,17,apr,54,2,-1,0,unknown,no
60,retired,married,secondary,no,2060,no,no,cellular,29,jun,135,4,95,4,failure,no
30,services,married,primary,no,997,yes,no,cellular,28,jul,76,3,-1,0,unknown,no
34,management,married,secondary,no,56,yes,no,cellular,20,nov,311,3,183,1,failure,no
30,technician,single,tertiary,no,0,no,yes,telephone,14,aug,226,3,-1,0,unknown,no
31,admin.,married,secondary,no,8784,yes,no,unknown,21,may,63,2,-1,0,unknown,no
27,admin.,single,secondary,no,827,yes,no,cellular,4,jun,73,1,107,1,failure,no
26,admin.,single,secondary,no,586,yes,yes,unknown,12,may,215,1,-1,0,unknown,no
32,entrepreneur,single,tertiary,no,890,yes,yes,cellular,28,aug,27,10,-1,0,unknown,no
48,management,married,tertiary,no,1147,no,no,cellular,5,aug,389,1,64,2,success,yes
39,blue-collar,single,secondary,no,29,yes,no,unknown,7,may,214,2,-1,0,unknown,no
35,management,divorced,tertiary,no,160,yes,no,unknown,4,jun,141,6,-1,0,unknown,no
34,services,married,secondary,no,135,yes,no,cellular,18,nov,109,1,-1,0,unknown,no
80,retired,married,secondary,no,668,no,no,telephone,8,jul,250,1,371,1,success,yes
32,admin.,married,tertiary,no,653,no,no,cellular,2,jun,84,1,-1,0,unknown,yes
48,housemaid,single,primary,no,46,no,no,cellular,3,aug,113,2,180,1,failure,yes
35,management,married,tertiary,no,2957,yes,yes,cellular,8,aug,733,3,-1,0,unknown,yes
48,management,married,tertiary,no,3842,no,no,cellular,1,jun,215,2,-1,0,unknown,yes
30,management,divorced,tertiary,no,106,yes,no,cellular,18,jul,149,1,-1,0,unknown,no
36,blue-collar,divorced,secondary,no,64,no,no,cellular,8,jun,143,2,-1,0,unknown,no
38,management,married,secondary,no,96,yes,no,cellular,20,nov,151,3,-1,0,unknown,no
33,blue-collar,married,secondary,no,686,yes,yes,telephone,14,may,30,6,343,12,other,no
39,management,married,tertiary,no,0,yes,yes,unknown,16,may,107,2,-1,0,unknown,no
50,services,married,secondary,no,683,yes,yes,unknown,26,may,129,3,-1,0,unknown,no
35,technician,single,secondary,no,399,yes,no,cellular,13,may,496,2,345,3,failure,yes
31,technician,single,tertiary,no,454,no,no,cellular,30,apr,266,1,-1,0,unknown,yes
26,student,single,secondary,no,715,yes,no,unknown,20,jun,31,10,-1,0,unknown,no
58,management,married,unknown,no,3658,no,no,cellular,4,may,55,2,-1,0,unknown,no
54,management,married,unknown,no,24,no,no,cellular,31,jul,12,10,-1,0,unknown,no
40,admin.,single,secondary,no,208,yes,yes,cellular,11,may,204,2,-1,0,unknown,no
37,blue-collar,single,secondary,no,134,yes,no,unknown,8,may,200,1,-1,0,unknown,no
39,technician,married,tertiary,no,14,no,no,cellular,28,jan,114,2,-1,0,unknown,no
36,technician,divorced,secondary,no,1941,no,yes,cellular,13,aug,156,4,-1,0,unknown,no
38,admin.,single,secondary,no,2345,yes,no,unknown,29,may,174,2,-1,0,unknown,no
48,admin.,married,secondary,no,476,no,no,unknown,5,jun,489,3,-1,0,unknown,no
38,unknown,single,tertiary,no,0,no,no,cellular,11,sep,260,3,95,3,success,yes
36,services,divorced,secondary,no,-330,yes,yes,unknown,27,may,207,2,-1,0,unknown,no
31,admin.,single,tertiary,no,1583,yes,no,unknown,21,may,207,1,-1,0,unknown,no
34,management,married,tertiary,no,2032,no,no,cellular,28,aug,103,12,-1,0,unknown,no
48,management,married,secondary,no,11146,no,no,unknown,6,jun,136,1,-1,0,unknown,no
36,blue-collar,married,secondary,no,1790,yes,no,cellular,16,apr,386,2,-1,0,unknown,no
30,management,single,tertiary,no,0,yes,no,cellular,5,may,381,1,342,7,failure,no
32,admin.,married,tertiary,no,653,no,no,cellular,2,jun,84,1,-1,0,unknown,yes
35,self-employed,single,tertiary,no,670,no,yes,cellular,13,may,44,1,-1,0,unknown,no
32,admin.,married,secondary,no,3,yes,yes,cellular,15,jul,612,4,-1,0,unknown,no
39,management,married,primary,no,1749,yes,no,unknown,29,may,46,1,-1,0,unknown,no
57,unemployed,married,unknown,no,288,no,no,cellular,9,feb,42,3,-1,0,unknown,no
34,admin.,single,secondary,no,1,yes,no,cellular,22,jul,483,7,-1,0,unknown,no
49,unemployed,married,primary,no,-384,yes,no,unknown,27,may,25,1,-1,0,unknown,no
39,blue-collar,married,secondary,no,483,yes,no,unknown,5,may,282,1,-1,0,unknown,no
54,management,married,tertiary,yes,153,no,no,unknown,9,jun,99,3,-1,0,unknown,no
30,blue-collar,married,primary,no,-518,yes,yes,unknown,28,may,244,6,-1,0,unknown,no
34,blue-collar,married,secondary,no,0,yes,yes,cellular,12,may,34,2,288,12,failure,no
45,admin.,married,secondary,no,434,no,yes,cellular,24,jul,180,19,-1,0,unknown,no
47,admin.,married,tertiary,no,1077,no,no,telephone,29,aug,43,2,-1,0,unknown,no
56,management,married,tertiary,no,6798,yes,no,cellular,17,nov,250,1,-1,0,unknown,no
25,management,single,tertiary,no,115,no,yes,unknown,4,jul,60,1,-1,0,unknown,no
56,services,married,secondary,no,1989,no,no,cellular,3,feb,336,2,281,2,failure,yes
35,admin.,single,secondary,no,321,no,no,cellular,21,jul,143,1,412,3,other,yes
34,management,single,tertiary,no,0,no,no,cellular,22,aug,174,1,-1,0,unknown,no
34,services,married,secondary,no,0,yes,no,cellular,17,jul,75,3,-1,0,unknown,no
28,management,single,tertiary,no,7544,yes,no,unknown,26,may,470,1,-1,0,unknown,no
31,technician,single,secondary,no,2544,no,no,cellular,12,jan,229,1,279,2,success,yes
54,technician,married,secondary,no,0,no,no,telephone,30,apr,766,3,84,3,success,yes
38,blue-collar,married,unknown,no,976,yes,no,unknown,29,may,318,2,-1,0,unknown,no
44,retired,married,secondary,no,902,no,no,unknown,26,may,206,1,-1,0,unknown,no
46,admin.,married,secondary,no,35,no,no,unknown,16,may,84,2,-1,0,unknown,no
45,services,married,secondary,no,1343,no,yes,cellular,8,jul,220,1,-1,0,unknown,no
33,technician,married,secondary,no,0,no,no,unknown,9,may,120,1,-1,0,unknown,no
35,management,married,tertiary,no,43,yes,no,cellular,20,apr,860,1,-1,0,unknown,yes
44,unemployed,married,primary,no,1,no,no,cellular,29,jan,229,1,-1,0,unknown,no
36,technician,single,tertiary,no,306,no,no,cellular,14,aug,111,2,-1,0,unknown,no
36,services,married,secondary,no,0,yes,no,cellular,30,jul,54,12,-1,0,unknown,no
66,retired,married,secondary,no,995,no,no,cellular,27,feb,131,2,-1,0,unknown,yes
43,technician,married,tertiary,no,1796,no,no,cellular,28,jan,352,2,-1,0,unknown,no
39,self-employed,married,secondary,no,1304,yes,yes,cellular,7,may,183,3,-1,0,unknown,no
35,technician,married,secondary,no,-288,yes,yes,cellular,30,apr,126,3,-1,0,unknown,no
31,management,single,tertiary,no,24870,yes,no,unknown,21,may,634,2,-1,0,unknown,no
31,technician,single,secondary,no,846,no,no,cellular,26,may,405,3,205,2,failure,yes
40,admin.,married,secondary,no,0,no,no,unknown,16,jun,368,12,-1,0,unknown,no
28,services,single,secondary,no,198,no,no,cellular,5,jul,128,2,-1,0,unknown,yes
36,management,married,tertiary,no,6138,yes,yes,cellular,21,nov,358,4,-1,0,unknown,no
35,technician,single,secondary,no,317,yes,no,unknown,9,may,292,2,-1,0,unknown,no
56,technician,married,secondary,no,62,no,yes,unknown,5,jun,243,1,-1,0,unknown,no
54,blue-collar,married,secondary,no,1777,yes,no,cellular,18,may,13,5,178,6,success,no
56,self-employed,married,secondary,no,549,no,yes,unknown,20,jun,181,2,-1,0,unknown,no
36,self-employed,married,tertiary,no,328,yes,yes,cellular,23,jul,136,1,-1,0,unknown,no
67,retired,married,primary,no,2391,no,no,cellular,28,jun,737,6,186,10,other,yes
42,management,married,tertiary,no,1993,no,no,unknown,29,may,41,1,-1,0,unknown,no
36,technician,divorced,tertiary,no,466,no,no,cellular,28,aug,171,1,-1,0,unknown,no
53,admin.,married,unknown,no,0,no,no,cellular,19,aug,160,3,-1,0,unknown,no
43,blue-collar,single,primary,no,999,yes,no,unknown,12,jun,317,1,-1,0,unknown,no
46,self-employed,married,unknown,no,-257,no,no,cellular,21,nov,104,1,189,2,failure,no
40,admin.,married,secondary,no,824,yes,no,cellular,17,apr,359,1,-1,0,unknown,no
37,management,married,tertiary,no,2205,no,no,unknown,21,may,85,4,-1,0,unknown,no
34,blue-collar,married,primary,no,176,no,no,cellular,24,jul,78,1,-1,0,unknown,no
41,services,divorced,secondary,no,787,yes,no,cellular,8,may,297,2,-1,0,unknown,no
35,management,single,tertiary,no,3000,yes,no,cellular,15,may,162,3,-1,0,unknown,no
33,technician,single,secondary,no,3499,yes,no,cellular,11,may,143,3,356,1,other,no
27,admin.,single,secondary,no,13,yes,no,telephone,8,jul,103,1,-1,0,unknown,no
30,self-employed,single,tertiary,no,166,no,no,cellular,30,jul,151,4,-1,0,unknown,no
56,housemaid,married,primary,no,605,no,no,cellular,19,aug,207,6,-1,0,unknown,no
33,management,single,tertiary,no,5437,no,no,cellular,4,may,267,1,91,1,failure,yes
41,management,divorced,unknown,no,465,yes,no,cellular,22,jul,1508,1,-1,0,unknown,yes
35,technician,single,secondary,no,-206,yes,no,unknown,19,may,85,4,-1,0,unknown,no
38,blue-collar,single,secondary,no,328,yes,no,cellular,11,may,776,4,349,1,other,no
38,unemployed,married,secondary,no,-673,yes,no,unknown,26,may,364,1,-1,0,unknown,no
35,self-employed,married,tertiary,no,980,no,no,cellular,2,aug,428,2,336,6,failure,no
36,technician,married,tertiary,no,521,no,no,cellular,20,oct,347,3,-1,0,unknown,yes
44,management,married,tertiary,no,0,no,no,cellular,28,jan,320,2,-1,0,unknown,no
40,unemployed,married,secondary,no,1872,no,no,cellular,21,nov,112,1,-1,0,unknown,no
66,retired,married,secondary,no,995,no,no,cellular,27,feb,131,2,-1,0,unknown,yes
40,unemployed,single,tertiary,no,72,no,no,cellular,30,apr,463,1,-1,0,unknown,yes
40,technician,married,secondary,yes,34,yes,no,unknown,2,jun,68,1,-1,0,unknown,no
40,technician,married,secondary,no,84,yes,no,cellular,8,aug,119,3,-1,0,unknown,no
56,management,single,primary,no,109,no,yes,telephone,17,nov,124,1,129,18,other,no
57,retired,married,primary,no,808,no,no,telephone,7,jul,274,1,-1,0,unknown,no
42,management,divorced,secondary,yes,923,yes,no,unknown,19,jun,129,2,-1,0,unknown,no
36,blue-collar,married,unknown,no,6,no,no,unknown,20,jun,41,7,-1,0,unknown,no
57,technician,divorced,tertiary,no,126,no,no,telephone,4,jun,166,2,-1,0,unknown,yes
36,admin.,divorced,secondary,no,543,yes,no,cellular,11,may,66,3,-1,0,unknown,no
30,admin.,single,tertiary,no,726,no,no,cellular,29,jan,103,1,-1,0,unknown,no
39,self-employed,single,tertiary,no,2298,yes,yes,cellular,20,apr,13,2,319,18,other,no
31,self-employed,single,tertiary,yes,-282,yes,no,cellular,20,nov,131,3,-1,0,unknown,no
52,management,married,secondary,no,3258,no,no,unknown,5,jun,234,3,-1,0,unknown,no
28,management,single,tertiary,no,9314,no,no,cellular,2,jul,276,2,-1,0,unknown,yes
32,management,single,tertiary,no,2233,no,no,cellular,29,aug,85,15,-1,0,unknown,no
56,services,married,secondary,no,1989,no,no,cellular,3,feb,336,2,281,2,failure,yes
34,management,single,tertiary,no,-322,no,no,unknown,9,may,198,1,-1,0,unknown,no
43,unemployed,married,primary,no,960,yes,yes,unknown,15,may,241,2,-1,0,unknown,no
58,retired,married,secondary,no,-324,yes,no,cellular,7,may,229,2,-1,0,unknown,no
59,retired,single,secondary,no,2432,no,no,unknown,11,jun,236,2,-1,0,unknown,no
38,services,married,secondary,no,0,yes,no,telephone,28,jul,121,2,-1,0,unknown,no
59,admin.,married,primary,no,2532,yes,no,unknown,30,may,110,6,-1,0,unknown,no
39,blue-collar,married,secondary,no,72,yes,no,unknown,7,may,425,6,-1,0,unknown,no
54,blue-collar,married,primary,no,2584,no,no,cellular,20,aug,387,7,-1,0,unknown,no
56,blue-collar,married,primary,no,6677,yes,no,telephone,20,apr,197,4,-1,0,unknown,no
34,technician,married,secondary,no,149,yes,no,unknown,29,may,153,2,-1,0,unknown,no
44,self-employed,married,secondary,no,313,no,no,cellular,6,aug,211,4,-1,0,unknown,no
82,retired,married,secondary,no,121,no,no,telephone,19,feb,330,1,-1,0,unknown,yes
38,entrepreneur,married,secondary,no,351,yes,no,cellular,4,feb,112,1,244,3,failure,no
27,services,married,secondary,no,0,yes,no,cellular,22,jul,1608,13,-1,0,unknown,yes
32,self-employed,single,secondary,no,4,yes,no,unknown,23,may,233,2,-1,0,unknown,no
30,technician,divorced,secondary,no,0,no,no,cellular,21,jul,101,1,-1,0,unknown,no
41,blue-collar,married,secondary,no,1384,yes,no,cellular,20,apr,106,4,340,4,success,no
48,blue-collar,married,secondary,no,-202,yes,yes,cellular,30,jul,225,4,-1,0,unknown,no
49,technician,married,secondary,no,305,no,no,cellular,7,aug,140,1,99,1,failure,no
51,management,married,tertiary,no,1944,yes,no,unknown,27,may,217,2,-1,0,unknown,no
57,management,married,secondary,no,82,no,yes,telephone,4,feb,140,1,-1,0,unknown,no
42,blue-collar,married,primary,no,2273,yes,no,cellular,29,jul,98,2,-1,0,unknown,no
36,entrepreneur,divorced,tertiary,no,219,no,no,cellular,26,aug,358,4,-1,0,unknown,no
32,unemployed,single,primary,no,1429,no,no,cellular,8,mar,150,4,-1,0,unknown,no
46,housemaid,married,primary,no,3512,no,no,cellular,30,oct,175,1,197,1,failure,yes
37,technician,married,tertiary,no,472,yes,no,unknown,29,may,294,3,-1,0,unknown,no
38,technician,married,secondary,no,79,yes,no,cellular,20,aug,209,2,-1,0,unknown,no
33,technician,single,secondary,no,161,no,no,cellular,25,aug,66,9,-1,0,unknown,no
26,admin.,single,secondary,no,140,yes,no,cellular,15,may,103,5,-1,0,unknown,no
32,housemaid,married,primary,no,0,yes,no,cellular,9,jul,90,1,-1,0,unknown,no
48,management,married,tertiary,no,0,no,no,cellular,27,aug,203,7,-1,0,unknown,no
48,management,married,tertiary,no,3842,no,no,cellular,1,jun,215,2,-1,0,unknown,yes
45,management,married,tertiary,no,0,no,no,cellular,21,aug,144,2,-1,0,unknown,no
34,self-employed,single,tertiary,no,462,no,no,cellular,21,aug,1877,3,-1,0,unknown,yes
33,management,married,tertiary,no,273,yes,no,unknown,16,may,803,1,-1,0,unknown,yes
44,entrepreneur,married,secondary,yes,-848,yes,no,unknown,19,may,468,1,-1,0,unknown,no
55,retired,married,secondary,no,168,no,no,cellular,19,aug,79,2,-1,0,unknown,no
33,management,married,tertiary,no,273,yes,no,unknown,16,may,803,1,-1,0,unknown,yes
35,entrepreneur,single,secondary,no,475,no,yes,cellular,21,jul,936,4,-1,0,unknown,no
37,admin.,married,secondary,no,0,yes,no,cellular,9,dec,179,1,190,1,success,yes
55,management,married,tertiary,no,6770,no,no,cellular,27,apr,167,1,-1,0,unknown,no
38,management,divorced,tertiary,no,554,no,no,cellular,21,nov,45,1,101,4,failure,no
50,management,married,tertiary,no,938,no,no,cellular,6,aug,148,2,98,1,success,no
25,technician,single,secondary,no,1312,yes,no,cellular,16,apr,307,1,-1,0,unknown,no
50,management,married,unknown,no,5043,yes,yes,cellular,8,apr,201,1,-1,0,unknown,no
28,services,single,secondary,no,198,no,no,cellular,5,jul,128,2,-1,0,unknown,yes
42,blue-collar,married,secondary,no,3052,yes,no,unknown,27,may,32,1,-1,0,unknown,no
44,services,married,secondary,no,-75,yes,no,unknown,26,may,104,1,-1,0,unknown,no
57,admin.,married,secondary,no,3944,no,no,cellular,21,nov,36,2,-1,0,unknown,no
41,blue-collar,divorced,primary,yes,210,yes,no,unknown,13,may,383,1,-1,0,unknown,no
33,blue-collar,single,secondary,no,109,yes,yes,cellular,10,jul,184,3,-1,0,unknown,no
47,blue-collar,married,primary,no,0,no,no,cellular,22,aug,98,3,-1,0,unknown,no
54,technician,divorced,secondary,no,7449,yes,no,unknown,19,may,235,7,-1,0,unknown,no
53,technician,single,primary,no,481,no,no,cellular,18,nov,399,1,-1,0,unknown,no
56,admin.,single,secondary,no,4118,no,no,telephone,27,may,165,1,-1,0,unknown,yes
57,housemaid,married,primary,no,625,no,yes,unknown,11,jun,867,1,-1,0,unknown,yes
31,management,single,tertiary,no,0,yes,no,cellular,8,sep,76,1,-1,0,unknown,no
34,self-employed,single,tertiary,no,462,no,no,cellular,21,aug,1877,3,-1,0,unknown,yes
57,housemaid,married,primary,no,151,yes,no,cellular,18,may,14,4,-1,0,unknown,no
36,technician,married,secondary,no,432,yes,no,cellular,29,aug,65,2,-1,0,unknown,no
42,housemaid,married,primary,no,14752,no,no,unknown,19,may,107,2,-1,0,unknown,no
36,entrepreneur,married,secondary,no,660,yes,yes,cellular,17,apr,430,1,-1,0,unknown,no
33,services,married,secondary,no,5499,yes,no,unknown,20,may,231,1,-1,0,unknown,no
48,blue-collar,married,unknown,no,100,yes,no,unknown,29,may,206,1,-1,0,unknown,no
26,technician,single,secondary,no,507,no,no,cellular,30,apr,380,1,-1,0,unknown,yes
60,retired,married,primary,no,1720,no,no,telephone,6,aug,115,5,-1,0,unknown,no
58,technician,divorced,secondary,no,469,no,no,unknown,6,may,196,1,-1,0,unknown,no
42,blue-collar,married,secondary,no,3743,yes,no,unknown,14,may,136,1,-1,0,unknown,no
59,blue-collar,married,primary,no,2192,no,no,cellular,12,aug,365,2,-1,0,unknown,no
48,technician,married,secondary,no,480,no,yes,cellular,23,jul,371,1,-1,0,unknown,no
37,technician,divorced,secondary,no,566,yes,no,cellular,6,aug,168,2,-1,0,unknown,no
32,services,single,secondary,no,1659,yes,no,unknown,30,may,120,6,-1,0,unknown,no
38,services,married,secondary,no,433,no,no,unknown,11,jun,148,1,-1,0,unknown,no
48,housemaid,married,primary,no,7195,no,no,cellular,21,nov,609,2,-1,0,unknown,yes
34,blue-collar,married,secondary,no,320,yes,no,cellular,12,aug,352,1,828,2,failure,yes
56,entrepreneur,divorced,tertiary,no,22946,no,no,unknown,17,jun,75,3,-1,0,unknown,no
33,management,divorced,tertiary,no,525,yes,yes,cellular,17,apr,260,1,281,1,other,no
27,management,single,primary,yes,13,no,no,cellular,30,jan,475,3,-1,0,unknown,yes
34,admin.,married,secondary,no,1365,yes,no,unknown,29,may,293,2,-1,0,unknown,no
26,student,single,unknown,no,2020,no,no,telephone,28,jan,42,3,-1,0,unknown,no
61,management,married,unknown,no,264,no,no,telephone,29,jul,270,1,178,1,success,yes
33,admin.,divorced,secondary,no,-331,yes,yes,cellular,11,may,186,2,350,3,failure,no
47,technician,divorced,tertiary,no,-1148,yes,yes,unknown,27,may,62,2,-1,0,unknown,no
61,management,married,unknown,no,264,no,no,telephone,29,jul,270,1,178,1,success,yes
29,blue-collar,married,primary,no,0,yes,no,telephone,7,jul,256,15,-1,0,unknown,no
41,management,divorced,tertiary,no,934,no,no,cellular,4,aug,93,1,-1,0,unknown,no
33,technician,single,secondary,no,18,no,no,cellular,22,aug,93,2,-1,0,unknown,no
34,services,married,secondary,no,27,yes,yes,cellular,31,jul,249,3,-1,0,unknown,no
18,student,single,secondary,no,5,no,no,cellular,24,aug,143,2,-1,0,unknown,no
44,blue-collar,married,secondary,no,23,yes,no,unknown,12,may,388,2,-1,0,unknown,no
32,technician,single,tertiary,no,388,yes,no,cellular,22,aug,119,2,-1,0,unknown,no
50,management,married,tertiary,no,383,no,yes,cellular,11,jul,502,2,-1,0,unknown,no
55,technician,married,unknown,no,1192,yes,no,unknown,13,may,481,1,-1,0,unknown,no
25,admin.,single,tertiary,no,2916,no,no,cellular,12,oct,143,1,-1,0,unknown,no
42,management,married,unknown,no,1333,yes,no,unknown,14,may,468,2,-1,0,unknown,no
51,blue-collar,married,secondary,no,2007,yes,no,cellular,12,aug,1226,3,-1,0,unknown,yes
35,management,married,tertiary,no,2957,yes,yes,cellular,8,aug,733,3,-1,0,unknown,yes
33,management,married,secondary,no,2858,yes,yes,cellular,12,may,175,1,298,5,failure,no
37,blue-collar,married,secondary,no,1059,yes,no,cellular,11,jul,94,2,-1,0,unknown,no
53,technician,divorced,secondary,no,281,yes,no,cellular,17,apr,171,2,337,9,other,no
31,technician,single,secondary,no,798,no,no,telephone,26,aug,66,10,-1,0,unknown,no
39,blue-collar,married,primary,no,119,yes,no,cellular,21,nov,271,2,-1,0,unknown,no
41,blue-collar,married,secondary,no,193,yes,no,unknown,29,may,130,1,-1,0,unknown,no
58,services,married,secondary,no,0,no,no,telephone,29,jul,50,2,-1,0,unknown,no
53,technician,single,secondary,no,6164,yes,no,cellular,17,nov,101,1,-1,0,unknown,no
42,blue-collar,divorced,primary,no,213,yes,no,cellular,7,jul,434,3,-1,0,unknown,yes
56,unemployed,divorced,primary,no,282,no,no,cellular,28,jan,156,2,-1,0,unknown,no
53,management,married,tertiary,no,369,yes,yes,unknown,14,may,161,2,-1,0,unknown,no
41,entrepreneur,married,primary,no,0,no,no,unknown,16,jun,630,2,-1,0,unknown,no
42,technician,married,unknown,no,1559,no,no,cellular,30,apr,368,1,-1,0,unknown,yes
49,blue-collar,married,primary,no,371,yes,no,cellular,31,jul,18,44,-1,0,unknown,no
50,services,married,primary,no,-15,no,yes,unknown,2,jul,71,1,-1,0,unknown,no
33,management,single,tertiary,no,318,yes,no,cellular,8,apr,1190,1,141,3,other,yes
37,blue-collar,married,primary,no,1941,yes,no,cellular,20,apr,151,2,-1,0,unknown,no
37,technician,married,secondary,no,0,no,no,cellular,5,aug,409,1,-1,0,unknown,no
35,management,married,tertiary,no,222,yes,no,cellular,18,nov,187,2,-1,0,unknown,no
22,blue-collar,married,secondary,no,36,yes,no,unknown,19,may,120,3,-1,0,unknown,no
61,retired,divorced,primary,no,876,no,no,cellular,17,apr,40,9,-1,0,unknown,no
55,technician,single,secondary,no,149,yes,no,cellular,11,aug,103,15,-1,0,unknown,no
41,services,married,secondary,no,714,yes,yes,unknown,15,may,504,5,-1,0,unknown,no
46,blue-collar,married,secondary,no,3,no,no,cellular,26,aug,153,14,-1,0,unknown,no
53,services,divorced,primary,no,200,no,no,cellular,17,nov,182,3,-1,0,unknown,no
38,technician,single,tertiary,no,1674,no,no,cellular,18,nov,333,1,-1,0,unknown,no
33,management,single,tertiary,no,318,yes,no,cellular,8,apr,1190,1,141,3,other,yes
32,technician,single,unknown,no,317,yes,no,cellular,29,jan,452,2,253,2,failure,no
33,technician,married,tertiary,no,8023,no,no,cellular,25,feb,196,1,87,4,failure,no
29,services,married,secondary,no,1386,yes,no,unknown,28,may,166,1,-1,0,unknown,no
33,management,single,tertiary,no,34,yes,no,unknown,5,may,27,1,-1,0,unknown,no
52,technician,single,secondary,no,36,yes,no,unknown,16,may,335,1,-1,0,unknown,no
31,technician,single,secondary,no,2544,no,no,cellular,12,jan,229,1,279,2,success,yes
30,technician,single,secondary,no,237,yes,no,cellular,5,may,39,1,-1,0,unknown,no
46,technician,married,secondary,no,0,yes,no,cellular,19,nov,161,2,-1,0,unknown,no
45,self-employed,married,secondary,no,3098,yes,no,cellular,7,aug,159,2,-1,0,unknown,no
43,unknown,married,primary,no,0,yes,no,cellular,9,jul,132,1,-1,0,unknown,no
37,admin.,married,secondary,no,536,yes,no,cellular,23,jul,328,2,-1,0,unknown,no
47,management,married,secondary,no,414,no,no,cellular,26,aug,142,2,-1,0,unknown,no
33,technician,married,tertiary,no,75,no,no,cellular,21,jul,204,4,-1,0,unknown,no
58,blue-collar,married,secondary,no,3027,yes,no,cellular,27,oct,120,1,186,1,success,no
46,admin.,married,secondary,no,38,yes,yes,cellular,12,may,455,1,-1,0,unknown,no
38,blue-collar,married,secondary,no,50,yes,yes,cellular,11,jul,545,2,-1,0,unknown,no
48,management,married,tertiary,no,3842,no,no,cellular,1,jun,215,2,-1,0,unknown,yes
51,technician,divorced,unknown,no,3560,yes,no,cellular,30,jul,334,6,-1,0,unknown,no
26,management,married,tertiary,no,877,yes,no,cellular,22,jul,611,1,-1,0,unknown,no
60,management,married,secondary,no,0,no,no,cellular,20,may,321,4,87,8,failure,no
31,admin.,single,secondary,no,483,yes,yes,cellular,20,apr,159,2,-1,0,unknown,no
45,blue-collar,married,secondary,no,7895,yes,no,cellular,4,feb,872,1,-1,0,unknown,yes
42,management,married,tertiary,no,603,yes,no,cellular,5,nov,298,5,-1,0,unknown,no
29,management,single,tertiary,no,428,no,no,cellular,22,may,293,2,-1,0,unknown,yes
48,services,married,secondary,no,2877,yes,no,unknown,3,jun,157,1,-1,0,unknown,no
33,services,married,primary,no,0,yes,no,cellular,18,jul,351,2,-1,0,unknown,no
33,management,married,tertiary,no,0,yes,no,cellular,17,apr,378,1,-1,0,unknown,yes
45,unemployed,married,secondary,no,-407,yes,no,cellular,15,may,320,3,371,2,failure,no
33,management,single,tertiary,no,1431,no,no,cellular,30,apr,94,1,85,2,failure,no
49,services,single,unknown,no,5095,yes,no,cellular,20,nov,127,2,157,1,failure,no
37,management,married,tertiary,no,3794,no,no,cellular,18,aug,147,1,379,1,failure,no
46,housemaid,married,primary,no,965,no,no,unknown,5,may,177,1,-1,0,unknown,no
62,retired,married,secondary,no,1495,no,no,cellular,2,feb,265,1,-1,0,unknown,yes
38,technician,married,tertiary,no,0,no,no,unknown,12,jun,112,2,-1,0,unknown,no
64,retired,married,secondary,no,3189,no,no,telephone,15,jun,208,1,-1,0,unknown,yes
35,entrepreneur,married,primary,no,-394,yes,no,cellular,20,nov,217,3,-1,0,unknown,no
57,housemaid,married,primary,no,625,no,yes,unknown,11,jun,867,1,-1,0,unknown,yes
30,technician,single,unknown,no,-48,yes,no,unknown,6,may,152,2,-1,0,unknown,no
29,blue-collar,married,secondary,no,185,yes,yes,unknown,5,jun,471,3,-1,0,unknown,no
51,technician,married,primary,no,1550,no,no,unknown,20,jun,12,5,-1,0,unknown,no
31,blue-collar,married,secondary,no,671,yes,no,unknown,18,jun,704,4,-1,0,unknown,yes
34,admin.,married,tertiary,no,798,yes,no,cellular,8,mar,284,2,-1,0,unknown,no
39,blue-collar,married,secondary,yes,-345,yes,no,unknown,7,may,69,1,-1,0,unknown,no
40,blue-collar,married,unknown,no,928,yes,no,cellular,17,apr,53,1,-1,0,unknown,no
46,retired,married,secondary,no,23,yes,yes,cellular,7,aug,122,2,-1,0,unknown,no
34,blue-collar,single,secondary,no,128,yes,no,unknown,23,may,114,4,-1,0,unknown,no
52,technician,divorced,secondary,no,935,no,no,unknown,1,jul,86,1,-1,0,unknown,no
49,technician,married,secondary,no,10,no,no,cellular,29,aug,135,2,-1,0,unknown,no
31,unemployed,married,secondary,no,314,yes,no,unknown,26,may,149,7,-1,0,unknown,no
39,self-employed,married,secondary,no,1317,no,no,unknown,17,jun,42,4,-1,0,unknown,no
32,admin.,married,secondary,no,51,yes,yes,cellular,14,jan,203,1,87,2,other,yes
29,student,single,secondary,no,1779,no,no,cellular,4,jun,400,1,-1,0,unknown,yes
41,blue-collar,married,primary,no,241,yes,no,cellular,21,nov,48,1,-1,0,unknown,no
43,blue-collar,married,secondary,no,1343,yes,yes,cellular,25,jul,211,2,-1,0,unknown,no
42,admin.,married,secondary,no,3842,no,no,cellular,31,jul,130,4,-1,0,unknown,no
42,blue-collar,married,primary,no,1455,yes,no,cellular,2,feb,279,2,269,2,other,no
38,services,divorced,primary,no,0,yes,no,cellular,20,nov,250,1,155,2,failure,no
39,management,married,tertiary,no,1802,no,no,cellular,20,oct,92,1,336,1,failure,no
37,management,married,secondary,no,676,no,no,telephone,18,nov,217,2,-1,0,unknown,no
43,blue-collar,married,secondary,no,500,yes,no,cellular,14,jul,324,2,-1,0,unknown,no
31,services,single,secondary,no,0,yes,no,cellular,20,apr,400,1,-1,0,unknown,no
34,technician,single,secondary,no,161,no,yes,cellular,8,aug,61,2,-1,0,unknown,no
34,technician,married,tertiary,no,-624,no,no,telephone,2,feb,20,8,-1,0,unknown,no
42,management,married,primary,no,5310,yes,no,cellular,22,may,545,2,186,1,success,yes
45,blue-collar,married,secondary,no,4646,yes,no,unknown,13,may,118,1,-1,0,unknown,no
50,services,married,secondary,no,5699,yes,no,unknown,5,may,381,2,-1,0,unknown,no
47,housemaid,divorced,secondary,no,1361,no,no,cellular,19,aug,59,3,-1,0,unknown,no
31,services,married,secondary,no,-327,yes,no,unknown,28,may,408,1,-1,0,unknown,no
32,blue-collar,married,primary,no,410,yes,no,unknown,23,may,115,2,-1,0,unknown,no
36,technician,married,secondary,no,-158,yes,no,cellular,28,aug,1037,7,-1,0,unknown,no
44,management,single,secondary,no,421,no,yes,cellular,5,aug,307,1,-1,0,unknown,no
38,technician,single,secondary,no,12,yes,no,unknown,28,may,150,2,-1,0,unknown,no
44,technician,divorced,secondary,no,-865,yes,no,cellular,20,apr,334,1,-1,0,unknown,no
34,admin.,married,secondary,no,384,yes,no,cellular,14,may,551,2,-1,0,unknown,no
32,blue-collar,divorced,secondary,no,86,no,yes,unknown,19,may,703,1,-1,0,unknown,no
35,management,divorced,tertiary,no,1723,yes,no,cellular,25,jul,862,1,-1,0,unknown,yes
30,blue-collar,married,primary,no,201,yes,no,cellular,5,mar,116,7,186,13,success,no
27,management,single,primary,yes,13,no,no,cellular,30,jan,475,3,-1,0,unknown,yes
32,blue-collar,divorced,unknown,no,291,yes,yes,unknown,27,jun,120,6,-1,0,unknown,no
45,technician,married,secondary,no,-312,yes,no,cellular,16,jul,268,1,-1,0,unknown,no
41,blue-collar,married,secondary,no,946,yes,no,unknown,6,may,325,1,-1,0,unknown,no
44,admin.,married,secondary,no,1042,yes,no,cellular,18,may,136,1,-1,0,unknown,no
49,technician,divorced,secondary,no,95,yes,no,cellular,8,may,90,1,-1,0,unknown,no
34,blue-collar,married,secondary,no,320,yes,no,cellular,12,aug,352,1,828,2,failure,yes
34,technician,single,tertiary,no,2521,no,no,cellular,13,aug,73,2,-1,0,unknown,no
51,retired,married,secondary,no,1295,no,yes,unknown,20,jun,288,2,-1,0,unknown,no
31,blue-collar,single,secondary,no,0,yes,no,unknown,6,may,273,2,-1,0,unknown,no
41,technician,married,secondary,no,1278,no,no,unknown,19,jun,532,1,-1,0,unknown,no
52,unemployed,married,primary,no,20,yes,no,telephone,28,jan,172,1,-1,0,unknown,no
53,blue-collar,married,primary,no,1409,yes,no,cellular,2,apr,464,1,287,1,failure,no
47,services,divorced,secondary,no,0,no,no,cellular,28,jan,216,1,-1,0,unknown,no
60,admin.,married,tertiary,no,1614,no,no,cellular,20,aug,921,6,-1,0,unknown,yes
26,admin.,single,secondary,no,-14,no,no,cellular,31,jul,9,31,-1,0,unknown,no
57,management,married,tertiary,no,779,yes,no,cellular,7,may,282,1,367,1,failure,no
26,admin.,married,secondary,no,1417,yes,no,unknown,6,jun,60,3,-1,0,unknown,no
40,admin.,single,secondary,no,462,yes,yes,cellular,6,apr,272,1,335,4,other,no
42,admin.,single,secondary,no,-847,yes,no,unknown,27,may,137,2,-1,0,unknown,no
40,retired,married,secondary,no,1842,no,no,unknown,15,may,56,1,-1,0,unknown,no
48,management,married,tertiary,no,10347,yes,no,cellular,31,jul,153,6,-1,0,unknown,no
28,blue-collar,married,primary,no,10045,yes,no,unknown,29,may,169,4,-1,0,unknown,no
51,blue-collar,married,secondary,no,2007,yes,no,cellular,12,aug,1226,3,-1,0,unknown,yes
40,blue-collar,married,secondary,no,498,yes,no,cellular,8,may,55,2,298,4,failure,no
42,services,married,secondary,no,774,no,no,cellular,28,jan,997,1,-1,0,unknown,yes
52,retired,divorced,tertiary,no,3687,yes,yes,unknown,16,jun,741,4,-1,0,unknown,yes
39,blue-collar,married,secondary,no,167,yes,yes,cellular,12,may,612,1,-1,0,unknown,yes
34,management,married,tertiary,no,123,no,no,cellular,3,feb,301,3,-1,0,unknown,yes
32,technician,married,secondary,no,4174,yes,no,unknown,21,may,314,2,-1,0,unknown,no
31,admin.,divorced,secondary,no,47,yes,no,unknown,19,may,34,9,-1,0,unknown,no
44,blue-collar,married,primary,no,924,yes,no,unknown,4,jun,89,3,-1,0,unknown,no
28,management,single,secondary,no,-994,yes,yes,cellular,18,jul,174,2,-1,0,unknown,no
36,blue-collar,single,secondary,no,1127,yes,no,cellular,10,jul,455,1,-1,0,unknown,no
50,blue-collar,married,primary,no,82,no,no,telephone,5,apr,456,1,-1,0,unknown,yes
32,management,single,tertiary,no,728,yes,no,unknown,21,may,125,1,-1,0,unknown,no
35,student,single,secondary,no,188,yes,no,cellular,5,may,863,1,78,8,success,yes
43,management,divorced,tertiary,no,3327,no,no,telephone,28,aug,146,19,-1,0,unknown,no
51,blue-collar,married,secondary,no,2007,yes,no,cellular,12,aug,1226,3,-1,0,unknown,yes
37,blue-collar,single,primary,no,0,yes,no,unknown,5,jun,309,2,-1,0,unknown,no
33,admin.,married,secondary,no,51,yes,yes,cellular,25,oct,253,1,284,3,success,yes
31,technician,single,secondary,no,182,no,no,cellular,28,aug,52,5,-1,0,unknown,no
55,technician,divorced,tertiary,no,0,no,no,cellular,17,nov,134,2,91,1,success,yes
48,management,single,unknown,no,1009,yes,no,cellular,9,feb,138,5,256,1,other,no
20,student,single,secondary,no,-322,yes,no,unknown,20,jun,73,4,-1,0,unknown,no
56,technician,married,secondary,no,463,no,no,unknown,26,may,131,2,-1,0,unknown,no
32,blue-collar,married,secondary,no,225,yes,no,cellular,17,apr,574,1,150,1,failure,yes
44,admin.,married,secondary,no,1305,no,no,cellular,30,jul,72,4,-1,0,unknown,no
50,technician,married,secondary,no,4,no,no,cellular,10,jul,200,5,-1,0,unknown,no
41,management,married,tertiary,no,102,no,no,cellular,28,jan,244,1,-1,0,unknown,no
56,blue-collar,divorced,primary,no,8,yes,no,unknown,5,may,157,2,-1,0,unknown,no
25,student,single,unknown,no,722,no,no,telephone,21,apr,623,2,-1,0,unknown,yes
28,blue-collar,single,secondary,no,387,yes,no,cellular,13,mar,61,11,282,1,other,no
44,technician,divorced,secondary,no,14,no,no,cellular,13,nov,167,1,92,1,success,yes
32,admin.,divorced,secondary,no,-273,yes,no,cellular,5,may,64,1,-1,0,unknown,no
54,blue-collar,married,secondary,no,5521,yes,no,cellular,7,apr,581,2,-1,0,unknown,no
39,blue-collar,married,primary,no,1387,no,no,unknown,9,jun,52,3,-1,0,unknown,no
46,blue-collar,married,secondary,no,71,yes,no,unknown,6,may,416,1,-1,0,unknown,no
40,technician,divorced,secondary,no,0,no,no,cellular,26,aug,67,2,-1,0,unknown,no
35,blue-collar,single,secondary,no,448,no,yes,cellular,20,nov,1031,6,-1,0,unknown,no
64,retired,married,secondary,no,3189,no,no,telephone,15,jun,208,1,-1,0,unknown,yes
48,services,divorced,secondary,no,4906,yes,no,cellular,20,nov,200,1,190,1,failure,no
37,blue-collar,divorced,secondary,no,0,yes,no,cellular,21,apr,146,4,-1,0,unknown,yes
37,management,married,tertiary,no,569,yes,no,unknown,30,may,92,1,-1,0,unknown,no
37,admin.,divorced,secondary,no,0,yes,no,unknown,30,may,127,5,-1,0,unknown,no
42,services,married,tertiary,no,12223,yes,no,cellular,19,nov,36,1,-1,0,unknown,no
42,self-employed,married,secondary,no,105,no,no,cellular,27,aug,85,4,-1,0,unknown,no
42,admin.,married,secondary,no,105,no,no,unknown,11,jun,1159,4,-1,0,unknown,yes
35,blue-collar,married,primary,no,767,yes,no,unknown,16,may,1408,2,-1,0,unknown,no
22,blue-collar,single,secondary,no,0,yes,no,unknown,5,may,179,2,-1,0,unknown,no
46,housemaid,divorced,primary,no,2084,yes,no,cellular,18,jul,1081,2,-1,0,unknown,yes
31,technician,single,tertiary,no,454,no,no,cellular,30,apr,266,1,-1,0,unknown,yes
49,self-employed,married,tertiary,no,2199,yes,no,unknown,13,may,98,1,-1,0,unknown,no
67,retired,married,primary,no,2391,no,no,cellular,28,jun,737,6,186,10,other,yes
38,admin.,married,secondary,no,257,yes,no,cellular,15,may,10,5,-1,0,unknown,no
41,technician,married,secondary,no,359,yes,no,cellular,17,apr,210,1,-1,0,unknown,no
36,unemployed,divorced,secondary,no,8267,no,no,unknown,18,jun,321,2,-1,0,unknown,no
50,technician,single,secondary,no,1811,no,no,cellular,8,jun,97,4,-1,0,unknown,no
60,admin.,married,tertiary,no,1614,no,no,cellular,20,aug,921,6,-1,0,unknown,yes
55,retired,divorced,secondary,no,138,no,no,cellular,17,jul,205,1,-1,0,unknown,no
33,services,single,secondary,no,450,yes,no,cellular,15,may,148,2,365,2,other,no
57,admin.,single,secondary,no,0,no,no,cellular,28,jul,261,4,-1,0,unknown,no
28,student,single,secondary,no,404,yes,no,cellular,18,may,33,2,367,4,other,no
44,services,married,secondary,no,522,no,yes,unknown,20,jun,911,1,-1,0,unknown,yes
52,blue-collar,single,secondary,no,510,yes,no,unknown,4,jun,324,1,-1,0,unknown,no
34,technician,single,secondary,no,951,yes,no,unknown,21,may,343,1,-1,0,unknown,no
49,management,married,tertiary,no,3063,yes,no,cellular,18,may,68,2,-1,0,unknown,no
27,services,married,secondary,no,0,yes,no,cellular,22,jul,1608,13,-1,0,unknown,yes
45,housemaid,married,secondary,no,4068,no,no,cellular,20,aug,184,1,-1,0,unknown,yes
52,blue-collar,married,secondary,no,266,yes,no,cellular,18,may,87,2,299,3,other,no
47,blue-collar,married,secondary,no,1484,no,no,cellular,17,nov,297,1,119,3,failure,no
48,management,divorced,tertiary,no,1144,yes,no,cellular,17,nov,78,1,-1,0,unknown,no
35,technician,single,secondary,no,399,yes,no,cellular,13,may,496,2,345,3,failure,yes
48,technician,married,secondary,no,454,yes,no,cellular,10,jul,114,1,-1,0,unknown,no
75,retired,divorced,tertiary,no,3810,yes,no,cellular,16,nov,262,1,183,1,failure,yes
40,technician,married,secondary,no,-496,no,no,telephone,28,jul,22,2,-1,0,unknown,no
35,technician,single,tertiary,no,1455,yes,no,unknown,15,may,70,6,-1,0,unknown,no
35,management,married,tertiary,no,12256,yes,no,cellular,19,nov,308,4,-1,0,unknown,no
42,management,married,primary,no,5310,yes,no,cellular,20,aug,273,1,90,3,success,yes
27,management,single,tertiary,no,3,yes,yes,cellular,22,jul,506,1,-1,0,unknown,no
39,services,married,primary,no,1601,yes,no,cellular,21,nov,219,2,182,2,failure,no
31,management,single,tertiary,no,86,no,no,cellular,12,aug,150,4,-1,0,unknown,no
50,services,single,secondary,no,1716,yes,no,cellular,7,apr,272,1,-1,0,unknown,no
72,retired,married,secondary,no,0,no,no,cellular,29,oct,189,3,-1,0,unknown,yes
37,blue-collar,divorced,secondary,no,0,yes,no,cellular,21,apr,146,4,-1,0,unknown,yes
36,self-employed,married,tertiary,no,15,yes,no,unknown,28,may,64,4,-1,0,unknown,no
59,blue-collar,married,primary,no,595,no,no,telephone,31,jul,208,7,-1,0,unknown,no
26,unknown,single,secondary,no,1187,no,no,unknown,17,nov,44,1,-1,0,unknown,no
27,management,single,primary,yes,13,no,no,cellular,30,jan,475,3,-1,0,unknown,yes
58,blue-collar,married,secondary,no,343,yes,no,unknown,26,may,265,4,-1,0,unknown,no
66,retired,married,secondary,no,995,no,no,cellular,27,feb,131,2,-1,0,unknown,yes
28,services,single,secondary,no,198,no,no,cellular,5,jul,128,2,-1,0,unknown,yes
33,blue-collar,single,secondary,no,15341,no,no,cellular,20,apr,335,1,334,3,failure,no
35,management,married,tertiary,no,2957,yes,yes,cellular,8,aug,733,3,-1,0,unknown,yes
27,technician,single,secondary,no,842,no,no,cellular,30,jul,273,1,91,1,other,no
34,entrepreneur,married,tertiary,no,-28,yes,no,cellular,16,jul,574,1,-1,0,unknown,no
34,management,married,tertiary,no,1048,no,no,cellular,7,aug,73,2,-1,0,unknown,no
26,student,single,secondary,no,47,yes,no,cellular,6,may,273,4,-1,0,unknown,no
